{
  "name": "Action Deck - Dark",
  "type": "deck",
  "description": "A standard 54-card Action Deck",
  "img": "cards/backs/dark-gold.webp",
  "data": {},
  "cards": [
    {
      "name": "Ace of Clubs",
      "faces": [
        {
          "name": "Ace of Clubs",
          "img": "cards/dark-gold/clubs-ace.webp",
          "text": ""
        }
      ],
      "width": 2,
      "height": 3,
      "rotation": 0,
      "type": "poker",
      "value": 1,
      "suit": "clubs",
      "_id": "HeZEkQZdhKpHGwQy",
      "description": "",
      "data": {},
      "face": 0,
      "drawn": false,
      "sort": 30,
      "flags": {},
      "back": {
        "name": "",
        "text": "",
        "img": null
      },
      "origin": "g1sHwfy3fQwyA04x"
    },
    {
      "name": "Two of Clubs",
      "faces": [
        {
          "name": "Two of Clubs",
          "text": "",
          "img": "cards/dark-gold/clubs-02.webp"
        }
      ],
      "width": 2,
      "height": 3,
      "rotation": 0,
      "type": "poker",
      "value": 2,
      "suit": "clubs",
      "_id": "kkXfHBbuSPPolbrb",
      "description": "",
      "data": {},
      "face": 0,
      "drawn": false,
      "sort": 53,
      "flags": {},
      "back": {
        "name": "",
        "text": ""
      },
      "origin": "g1sHwfy3fQwyA04x"
    },
    {
      "name": "Three of Clubs",
      "faces": [
        {
          "name": "Three of Clubs",
          "text": "",
          "img": "cards/dark-gold/clubs-03.webp"
        }
      ],
      "width": 2,
      "height": 3,
      "rotation": 0,
      "type": "poker",
      "value": 3,
      "suit": "clubs",
      "_id": "MUmmZsYLXCmOryFe",
      "description": "",
      "data": {},
      "face": 0,
      "drawn": false,
      "sort": 26,
      "flags": {},
      "back": {
        "name": "",
        "text": ""
      },
      "origin": "g1sHwfy3fQwyA04x"
    },
    {
      "name": "Four of Clubs",
      "faces": [
        {
          "name": "Four of Clubs",
          "text": "",
          "img": "cards/dark-gold/clubs-04.webp"
        }
      ],
      "width": 2,
      "height": 3,
      "rotation": 0,
      "type": "poker",
      "value": 4,
      "suit": "clubs",
      "_id": "psdbk5Ze8Dn4N2Kb",
      "description": "",
      "data": {},
      "face": 0,
      "drawn": false,
      "sort": 1,
      "flags": {},
      "back": {
        "name": "",
        "text": ""
      },
      "origin": "g1sHwfy3fQwyA04x"
    },
    {
      "name": "Five of Clubs",
      "faces": [
        {
          "name": "Five of Clubs",
          "text": "",
          "img": "cards/dark-gold/clubs-05.webp"
        }
      ],
      "width": 2,
      "height": 3,
      "rotation": 0,
      "type": "poker",
      "value": 5,
      "suit": "clubs",
      "_id": "Ezaga0mf2rnfgOhI",
      "description": "",
      "data": {},
      "face": 0,
      "drawn": false,
      "sort": 33,
      "flags": {},
      "back": {
        "name": "",
        "text": ""
      },
      "origin": "g1sHwfy3fQwyA04x"
    },
    {
      "name": "Six of Clubs",
      "faces": [
        {
          "name": "Six of Clubs",
          "text": "",
          "img": "cards/dark-gold/clubs-06.webp"
        }
      ],
      "width": 2,
      "height": 3,
      "rotation": 0,
      "type": "poker",
      "value": 6,
      "suit": "clubs",
      "_id": "iF2fhv7h9Nk757Dy",
      "description": "",
      "data": {},
      "face": 0,
      "drawn": false,
      "sort": 4,
      "flags": {},
      "back": {
        "name": "",
        "text": ""
      },
      "origin": "g1sHwfy3fQwyA04x"
    },
    {
      "name": "Seven of Clubs",
      "faces": [
        {
          "name": "Seven of Clubs",
          "text": "",
          "img": "cards/dark-gold/clubs-07.webp"
        }
      ],
      "width": 2,
      "height": 3,
      "rotation": 0,
      "type": "poker",
      "value": 7,
      "suit": "clubs",
      "_id": "9nmrlPsi1NBNdqtj",
      "description": "",
      "data": {},
      "face": 0,
      "drawn": false,
      "sort": 38,
      "flags": {},
      "back": {
        "name": "",
        "text": ""
      },
      "origin": "g1sHwfy3fQwyA04x"
    },
    {
      "name": "Eight of Clubs",
      "faces": [
        {
          "name": "Eight of Clubs",
          "text": "",
          "img": "cards/dark-gold/clubs-08.webp"
        }
      ],
      "width": 2,
      "height": 3,
      "rotation": 0,
      "type": "poker",
      "value": 8,
      "suit": "clubs",
      "_id": "3qB4Xw0kN7nCe9Oa",
      "description": "",
      "data": {},
      "face": 0,
      "drawn": false,
      "sort": 16,
      "flags": {},
      "back": {
        "name": "",
        "text": ""
      },
      "origin": "g1sHwfy3fQwyA04x"
    },
    {
      "name": "Nine of Clubs",
      "faces": [
        {
          "name": "Nine of Clubs",
          "text": "",
          "img": "cards/dark-gold/clubs-09.webp"
        }
      ],
      "width": 2,
      "height": 3,
      "rotation": 0,
      "type": "poker",
      "value": 9,
      "suit": "clubs",
      "_id": "VgaDRXnOkYmd3Lyh",
      "description": "",
      "data": {},
      "face": 0,
      "drawn": false,
      "sort": 9,
      "flags": {},
      "back": {
        "name": "",
        "text": ""
      },
      "origin": "g1sHwfy3fQwyA04x"
    },
    {
      "name": "Ten of Clubs",
      "faces": [
        {
          "name": "Ten of Clubs",
          "text": "",
          "img": "cards/dark-gold/clubs-10.webp"
        }
      ],
      "width": 2,
      "height": 3,
      "rotation": 0,
      "type": "poker",
      "value": 10,
      "suit": "clubs",
      "_id": "j0YOgE0j0A33dDfL",
      "description": "",
      "data": {},
      "face": 0,
      "drawn": false,
      "sort": 22,
      "flags": {},
      "back": {
        "name": "",
        "text": ""
      },
      "origin": "g1sHwfy3fQwyA04x"
    },
    {
      "name": "Jack of Clubs",
      "faces": [
        {
          "name": "Jack of Clubs",
          "img": "cards/dark-gold/clubs-jack.webp",
          "text": ""
        }
      ],
      "width": 2,
      "height": 3,
      "rotation": 0,
      "type": "poker",
      "value": 11,
      "suit": "clubs",
      "_id": "FAYQwnSO8Bq8zDiX",
      "description": "",
      "data": {},
      "face": 0,
      "drawn": false,
      "sort": 29,
      "flags": {},
      "back": {
        "name": "",
        "text": "",
        "img": null
      },
      "origin": "g1sHwfy3fQwyA04x"
    },
    {
      "name": "Queen of Clubs",
      "faces": [
        {
          "name": "Queen of Clubs",
          "img": "cards/dark-gold/clubs-queen.webp",
          "text": ""
        }
      ],
      "width": 2,
      "height": 3,
      "rotation": 0,
      "type": "poker",
      "value": 12,
      "suit": "clubs",
      "_id": "td1omYNxmhjMxGwi",
      "description": "",
      "data": {},
      "face": 0,
      "drawn": false,
      "sort": 41,
      "flags": {},
      "back": {
        "name": "",
        "text": "",
        "img": null
      },
      "origin": "g1sHwfy3fQwyA04x"
    },
    {
      "name": "King of Clubs",
      "faces": [
        {
          "name": "King of Clubs",
          "img": "cards/dark-gold/clubs-king.webp",
          "text": ""
        }
      ],
      "width": 2,
      "height": 3,
      "rotation": 0,
      "type": "poker",
      "value": 13,
      "suit": "clubs",
      "_id": "IaLhUgw2459avwHg",
      "description": "",
      "data": {},
      "face": 0,
      "drawn": false,
      "sort": 17,
      "flags": {},
      "back": {
        "name": "",
        "text": "",
        "img": null
      },
      "origin": "g1sHwfy3fQwyA04x"
    },
    {
      "name": "Ace of Spades",
      "faces": [
        {
          "name": "Ace of Spades",
          "img": "cards/dark-gold/spades-ace.webp",
          "text": ""
        }
      ],
      "width": 2,
      "height": 3,
      "rotation": 0,
      "type": "poker",
      "value": 1,
      "suit": "spades",
      "_id": "JZT1e5qkCviOUGbR",
      "description": "",
      "data": {},
      "face": 0,
      "drawn": false,
      "sort": 2,
      "flags": {},
      "back": {
        "name": "",
        "text": "",
        "img": null
      },
      "origin": "g1sHwfy3fQwyA04x"
    },
    {
      "name": "Two of Spades",
      "faces": [
        {
          "name": "Two of Spades",
          "text": "",
          "img": "cards/dark-gold/spades-02.webp"
        }
      ],
      "width": 2,
      "height": 3,
      "rotation": 0,
      "type": "poker",
      "value": 2,
      "suit": "spades",
      "_id": "QiH75RV5Mi8dtAhG",
      "description": "",
      "data": {},
      "face": 0,
      "drawn": false,
      "sort": 5,
      "flags": {},
      "back": {
        "name": "",
        "text": ""
      },
      "origin": "g1sHwfy3fQwyA04x"
    },
    {
      "name": "Three of Spades",
      "faces": [
        {
          "name": "Three of Spades",
          "text": "",
          "img": "cards/dark-gold/spades-03.webp"
        }
      ],
      "width": 2,
      "height": 3,
      "rotation": 0,
      "type": "poker",
      "value": 3,
      "suit": "spades",
      "_id": "KXuEG1zJbeOPfZl7",
      "description": "",
      "data": {},
      "face": 0,
      "drawn": false,
      "sort": 19,
      "flags": {},
      "back": {
        "name": "",
        "text": ""
      },
      "origin": "g1sHwfy3fQwyA04x"
    },
    {
      "name": "Four of Spades",
      "faces": [
        {
          "name": "Four of Spades",
          "text": "",
          "img": "cards/dark-gold/spades-04.webp"
        }
      ],
      "width": 2,
      "height": 3,
      "rotation": 0,
      "type": "poker",
      "value": 4,
      "suit": "spades",
      "_id": "mggRs9WHUSGL2FPZ",
      "description": "",
      "data": {},
      "face": 0,
      "drawn": false,
      "sort": 20,
      "flags": {},
      "back": {
        "name": "",
        "text": ""
      },
      "origin": "g1sHwfy3fQwyA04x"
    },
    {
      "name": "Five of Spades",
      "faces": [
        {
          "name": "Five of Spades",
          "text": "",
          "img": "cards/dark-gold/spades-05.webp"
        }
      ],
      "width": 2,
      "height": 3,
      "rotation": 0,
      "type": "poker",
      "value": 5,
      "suit": "spades",
      "_id": "Pxcbn2afTUVIzOGJ",
      "description": "",
      "data": {},
      "face": 0,
      "drawn": false,
      "sort": 42,
      "flags": {},
      "back": {
        "name": "",
        "text": ""
      },
      "origin": "g1sHwfy3fQwyA04x"
    },
    {
      "name": "Six of Spades",
      "faces": [
        {
          "name": "Six of Spades",
          "text": "",
          "img": "cards/dark-gold/spades-06.webp"
        }
      ],
      "width": 2,
      "height": 3,
      "rotation": 0,
      "type": "poker",
      "value": 6,
      "suit": "spades",
      "_id": "1y7esGATe6lzgrnp",
      "description": "",
      "data": {},
      "face": 0,
      "drawn": false,
      "sort": 52,
      "flags": {},
      "back": {
        "name": "",
        "text": ""
      },
      "origin": "g1sHwfy3fQwyA04x"
    },
    {
      "name": "Seven of Spades",
      "faces": [
        {
          "name": "Seven of Spades",
          "text": "",
          "img": "cards/dark-gold/spades-07.webp"
        }
      ],
      "width": 2,
      "height": 3,
      "rotation": 0,
      "type": "poker",
      "value": 7,
      "suit": "spades",
      "_id": "CyzbbF0MCI3eK9bF",
      "description": "",
      "data": {},
      "face": 0,
      "drawn": false,
      "sort": 45,
      "flags": {},
      "back": {
        "name": "",
        "text": ""
      },
      "origin": "g1sHwfy3fQwyA04x"
    },
    {
      "name": "Eight of Spades",
      "faces": [
        {
          "name": "Eight of Spades",
          "text": "",
          "img": "cards/dark-gold/spades-08.webp"
        }
      ],
      "width": 2,
      "height": 3,
      "rotation": 0,
      "type": "poker",
      "value": 8,
      "suit": "spades",
      "_id": "IFB5iHzbysx6kUdK",
      "description": "",
      "data": {},
      "face": 0,
      "drawn": false,
      "sort": 15,
      "flags": {},
      "back": {
        "name": "",
        "text": ""
      },
      "origin": "g1sHwfy3fQwyA04x"
    },
    {
      "name": "Nine of Spades",
      "faces": [
        {
          "name": "Nine of Spades",
          "text": "",
          "img": "cards/dark-gold/spades-09.webp"
        }
      ],
      "width": 2,
      "height": 3,
      "rotation": 0,
      "type": "poker",
      "value": 9,
      "suit": "spades",
      "_id": "QWiSgfQB3qEt690F",
      "description": "",
      "data": {},
      "face": 0,
      "drawn": false,
      "sort": 43,
      "flags": {},
      "back": {
        "name": "",
        "text": ""
      },
      "origin": "g1sHwfy3fQwyA04x"
    },
    {
      "name": "Ten of Spades",
      "faces": [
        {
          "name": "Ten of Spades",
          "text": "",
          "img": "cards/dark-gold/spades-10.webp"
        }
      ],
      "width": 2,
      "height": 3,
      "rotation": 0,
      "type": "poker",
      "value": 10,
      "suit": "spades",
      "_id": "oRhCm8Ar1BOPeIt1",
      "description": "",
      "data": {},
      "face": 0,
      "drawn": false,
      "sort": 49,
      "flags": {},
      "back": {
        "name": "",
        "text": ""
      },
      "origin": "g1sHwfy3fQwyA04x"
    },
    {
      "name": "Jack of Spades",
      "faces": [
        {
          "name": "Jack of Spades",
          "img": "cards/dark-gold/spades-jack.webp",
          "text": ""
        }
      ],
      "width": 2,
      "height": 3,
      "rotation": 0,
      "type": "poker",
      "value": 11,
      "suit": "spades",
      "_id": "K2sRPF3lmIVNkTI8",
      "description": "",
      "data": {},
      "face": 0,
      "drawn": false,
      "sort": 31,
      "flags": {},
      "back": {
        "name": "",
        "text": "",
        "img": null
      },
      "origin": "g1sHwfy3fQwyA04x"
    },
    {
      "name": "Queen of Spades",
      "faces": [
        {
          "name": "Queen of Spades",
          "img": "cards/dark-gold/spades-queen.webp",
          "text": ""
        }
      ],
      "width": 2,
      "height": 3,
      "rotation": 0,
      "type": "poker",
      "value": 12,
      "suit": "spades",
      "_id": "JsmZ3XNaPKW9LrYv",
      "description": "",
      "data": {},
      "face": 0,
      "drawn": false,
      "sort": 39,
      "flags": {},
      "back": {
        "name": "",
        "text": "",
        "img": null
      },
      "origin": "g1sHwfy3fQwyA04x"
    },
    {
      "name": "King of Spades",
      "faces": [
        {
          "name": "King of Spades",
          "img": "cards/dark-gold/spades-king.webp",
          "text": ""
        }
      ],
      "width": 2,
      "height": 3,
      "rotation": 0,
      "type": "poker",
      "value": 13,
      "suit": "spades",
      "_id": "mIBZnphGsU0hdpOg",
      "description": "",
      "data": {},
      "face": 0,
      "drawn": false,
      "sort": 18,
      "flags": {},
      "back": {
        "name": "",
        "text": "",
        "img": null
      },
      "origin": "g1sHwfy3fQwyA04x"
    },
    {
      "name": "Ace of Diamonds",
      "faces": [
        {
          "name": "Ace of Diamonds",
          "img": "cards/dark-gold/diamonds-ace.webp",
          "text": ""
        }
      ],
      "width": 2,
      "height": 3,
      "rotation": 0,
      "type": "poker",
      "value": 1,
      "suit": "diamonds",
      "_id": "h7LRQYiLuVaYQb5V",
      "description": "",
      "data": {},
      "face": 0,
      "drawn": false,
      "sort": 46,
      "flags": {},
      "back": {
        "name": "",
        "text": "",
        "img": null
      },
      "origin": "g1sHwfy3fQwyA04x"
    },
    {
      "name": "Two of Diamonds",
      "faces": [
        {
          "name": "Two of Diamonds",
          "text": "",
          "img": "cards/dark-gold/diamonds-02.webp"
        }
      ],
      "width": 2,
      "height": 3,
      "rotation": 0,
      "type": "poker",
      "value": 2,
      "suit": "diamonds",
      "_id": "3y5TGm91iKnktaI5",
      "description": "",
      "data": {},
      "face": 0,
      "drawn": false,
      "sort": 10,
      "flags": {},
      "back": {
        "name": "",
        "text": ""
      },
      "origin": "g1sHwfy3fQwyA04x"
    },
    {
      "name": "Three of Diamonds",
      "faces": [
        {
          "name": "Three of Diamonds",
          "text": "",
          "img": "cards/dark-gold/diamonds-03.webp"
        }
      ],
      "width": 2,
      "height": 3,
      "rotation": 0,
      "type": "poker",
      "value": 3,
      "suit": "diamonds",
      "_id": "QtVfMrvp2XLhloIT",
      "description": "",
      "data": {},
      "face": 0,
      "drawn": false,
      "sort": 11,
      "flags": {},
      "back": {
        "name": "",
        "text": ""
      },
      "origin": "g1sHwfy3fQwyA04x"
    },
    {
      "name": "Four of Diamonds",
      "faces": [
        {
          "name": "Four of Diamonds",
          "text": "",
          "img": "cards/dark-gold/diamonds-04.webp"
        }
      ],
      "width": 2,
      "height": 3,
      "rotation": 0,
      "type": "poker",
      "value": 4,
      "suit": "diamonds",
      "_id": "EPmu2aXoti7E4IWK",
      "description": "",
      "data": {},
      "face": 0,
      "drawn": false,
      "sort": 50,
      "flags": {},
      "back": {
        "name": "",
        "text": ""
      },
      "origin": "g1sHwfy3fQwyA04x"
    },
    {
      "name": "Five of Diamonds",
      "faces": [
        {
          "name": "Five of Diamonds",
          "text": "",
          "img": "cards/dark-gold/diamonds-05.webp"
        }
      ],
      "width": 2,
      "height": 3,
      "rotation": 0,
      "type": "poker",
      "value": 5,
      "suit": "diamonds",
      "_id": "73naBEtmVATFQ2Cz",
      "description": "",
      "data": {},
      "face": 0,
      "drawn": false,
      "sort": 13,
      "flags": {},
      "back": {
        "name": "",
        "text": ""
      },
      "origin": "g1sHwfy3fQwyA04x"
    },
    {
      "name": "Six of Diamonds",
      "faces": [
        {
          "name": "Six of Diamonds",
          "text": "",
          "img": "cards/dark-gold/diamonds-06.webp"
        }
      ],
      "width": 2,
      "height": 3,
      "rotation": 0,
      "type": "poker",
      "value": 6,
      "suit": "diamonds",
      "_id": "BNRrofDfP7A6Le3t",
      "description": "",
      "data": {},
      "face": 0,
      "drawn": false,
      "sort": 51,
      "flags": {},
      "back": {
        "name": "",
        "text": ""
      },
      "origin": "g1sHwfy3fQwyA04x"
    },
    {
      "name": "Seven of Diamonds",
      "faces": [
        {
          "name": "Seven of Diamonds",
          "text": "",
          "img": "cards/dark-gold/diamonds-07.webp"
        }
      ],
      "width": 2,
      "height": 3,
      "rotation": 0,
      "type": "poker",
      "value": 7,
      "suit": "diamonds",
      "_id": "m5wISaIMSPGOQrn4",
      "description": "",
      "data": {},
      "face": 0,
      "drawn": false,
      "sort": 36,
      "flags": {},
      "back": {
        "name": "",
        "text": ""
      },
      "origin": "g1sHwfy3fQwyA04x"
    },
    {
      "name": "Eight of Diamonds",
      "faces": [
        {
          "name": "Eight of Diamonds",
          "text": "",
          "img": "cards/dark-gold/diamonds-08.webp"
        }
      ],
      "width": 2,
      "height": 3,
      "rotation": 0,
      "type": "poker",
      "value": 8,
      "suit": "diamonds",
      "_id": "d40WvsesYqifB0kl",
      "description": "",
      "data": {},
      "face": 0,
      "drawn": false,
      "sort": 24,
      "flags": {},
      "back": {
        "name": "",
        "text": ""
      },
      "origin": "g1sHwfy3fQwyA04x"
    },
    {
      "name": "Nine of Diamonds",
      "faces": [
        {
          "name": "Nine of Diamonds",
          "text": "",
          "img": "cards/dark-gold/diamonds-09.webp"
        }
      ],
      "width": 2,
      "height": 3,
      "rotation": 0,
      "type": "poker",
      "value": 9,
      "suit": "diamonds",
      "_id": "NNeE3FCa0htkW43u",
      "description": "",
      "data": {},
      "face": 0,
      "drawn": false,
      "sort": 28,
      "flags": {},
      "back": {
        "name": "",
        "text": ""
      },
      "origin": "g1sHwfy3fQwyA04x"
    },
    {
      "name": "Ten of Diamonds",
      "faces": [
        {
          "name": "Ten of Diamonds",
          "text": "",
          "img": "cards/dark-gold/diamonds-10.webp"
        }
      ],
      "width": 2,
      "height": 3,
      "rotation": 0,
      "type": "poker",
      "value": 10,
      "suit": "diamonds",
      "_id": "NWhFUivPrOJ8u8Lq",
      "description": "",
      "data": {},
      "face": 0,
      "drawn": false,
      "sort": 44,
      "flags": {},
      "back": {
        "name": "",
        "text": ""
      },
      "origin": "g1sHwfy3fQwyA04x"
    },
    {
      "name": "Jack of Diamonds",
      "faces": [
        {
          "name": "Jack of Diamonds",
          "img": "cards/dark-gold/diamonds-jack.webp",
          "text": ""
        }
      ],
      "width": 2,
      "height": 3,
      "rotation": 0,
      "type": "poker",
      "value": 11,
      "suit": "diamonds",
      "_id": "dYeeOrNlHxdOe7Eb",
      "description": "",
      "data": {},
      "face": 0,
      "drawn": false,
      "sort": 3,
      "flags": {},
      "back": {
        "name": "",
        "text": "",
        "img": null
      },
      "origin": "g1sHwfy3fQwyA04x"
    },
    {
      "name": "Queen of Diamonds",
      "faces": [
        {
          "name": "Queen of Diamonds",
          "img": "cards/dark-gold/diamonds-queen.webp",
          "text": ""
        }
      ],
      "width": 2,
      "height": 3,
      "rotation": 0,
      "type": "poker",
      "value": 12,
      "suit": "diamonds",
      "_id": "SWaRGbiEnP8oUOqZ",
      "description": "",
      "data": {},
      "face": 0,
      "drawn": false,
      "sort": 32,
      "flags": {},
      "back": {
        "name": "",
        "text": "",
        "img": null
      },
      "origin": "g1sHwfy3fQwyA04x"
    },
    {
      "name": "King of Diamonds",
      "faces": [
        {
          "name": "King of Diamonds",
          "img": "cards/dark-gold/diamonds-king.webp",
          "text": ""
        }
      ],
      "width": 2,
      "height": 3,
      "rotation": 0,
      "type": "poker",
      "value": 13,
      "suit": "diamonds",
      "_id": "WDTaaywiQubXf0IM",
      "description": "",
      "data": {},
      "face": 0,
      "drawn": false,
      "sort": 7,
      "flags": {},
      "back": {
        "name": "",
        "text": "",
        "img": null
      },
      "origin": "g1sHwfy3fQwyA04x"
    },
    {
      "name": "Ace of Hearts",
      "faces": [
        {
          "name": "Ace of Hearts",
          "img": "cards/dark-gold/hearts-ace.webp",
          "text": ""
        }
      ],
      "width": 2,
      "height": 3,
      "rotation": 0,
      "type": "poker",
      "value": 1,
      "suit": "hearts",
      "_id": "eboGOjS6uJLX82VT",
      "description": "",
      "data": {},
      "face": 0,
      "drawn": false,
      "sort": 37,
      "flags": {},
      "back": {
        "name": "",
        "text": "",
        "img": null
      },
      "origin": "g1sHwfy3fQwyA04x"
    },
    {
      "name": "Two of Hearts",
      "faces": [
        {
          "name": "Two of Hearts",
          "text": "",
          "img": "cards/dark-gold/hearts-02.webp"
        }
      ],
      "width": 2,
      "height": 3,
      "rotation": 0,
      "type": "poker",
      "value": 2,
      "suit": "hearts",
      "_id": "SmNTqM4ysiJidM0w",
      "description": "",
      "data": {},
      "face": 0,
      "drawn": false,
      "sort": 21,
      "flags": {},
      "back": {
        "name": "",
        "text": ""
      },
      "origin": "g1sHwfy3fQwyA04x"
    },
    {
      "name": "Three of Hearts",
      "faces": [
        {
          "name": "Three of Hearts",
          "text": "",
          "img": "cards/dark-gold/hearts-03.webp"
        }
      ],
      "width": 2,
      "height": 3,
      "rotation": 0,
      "type": "poker",
      "value": 3,
      "suit": "hearts",
      "_id": "9dfoLrDKznPyzenW",
      "description": "",
      "data": {},
      "face": 0,
      "drawn": false,
      "sort": 0,
      "flags": {},
      "back": {
        "name": "",
        "text": ""
      },
      "origin": "g1sHwfy3fQwyA04x"
    },
    {
      "name": "Four of Hearts",
      "faces": [
        {
          "name": "Four of Hearts",
          "text": "",
          "img": "cards/dark-gold/hearts-04.webp"
        }
      ],
      "width": 2,
      "height": 3,
      "rotation": 0,
      "type": "poker",
      "value": 4,
      "suit": "hearts",
      "_id": "RiJrj2By7AOhzM7t",
      "description": "",
      "data": {},
      "face": 0,
      "drawn": false,
      "sort": 48,
      "flags": {},
      "back": {
        "name": "",
        "text": ""
      },
      "origin": "g1sHwfy3fQwyA04x"
    },
    {
      "name": "Five of Hearts",
      "faces": [
        {
          "name": "Five of Hearts",
          "text": "",
          "img": "cards/dark-gold/hearts-05.webp"
        }
      ],
      "width": 2,
      "height": 3,
      "rotation": 0,
      "type": "poker",
      "value": 5,
      "suit": "hearts",
      "_id": "Xzmj7UqEuC1A0f41",
      "description": "",
      "data": {},
      "face": 0,
      "drawn": false,
      "sort": 34,
      "flags": {},
      "back": {
        "name": "",
        "text": ""
      },
      "origin": "g1sHwfy3fQwyA04x"
    },
    {
      "name": "Six of Hearts",
      "faces": [
        {
          "name": "Six of Hearts",
          "text": "",
          "img": "cards/dark-gold/hearts-06.webp"
        }
      ],
      "width": 2,
      "height": 3,
      "rotation": 0,
      "type": "poker",
      "value": 6,
      "suit": "hearts",
      "_id": "wKYBmgjEgcMTL157",
      "description": "",
      "data": {},
      "face": 0,
      "drawn": false,
      "sort": 27,
      "flags": {},
      "back": {
        "name": "",
        "text": ""
      },
      "origin": "g1sHwfy3fQwyA04x"
    },
    {
      "name": "Seven of Hearts",
      "faces": [
        {
          "name": "Seven of Hearts",
          "text": "",
          "img": "cards/dark-gold/hearts-07.webp"
        }
      ],
      "width": 2,
      "height": 3,
      "rotation": 0,
      "type": "poker",
      "value": 7,
      "suit": "hearts",
      "_id": "soNCTd3JFRplnvHo",
      "description": "",
      "data": {},
      "face": 0,
      "drawn": false,
      "sort": 35,
      "flags": {},
      "back": {
        "name": "",
        "text": ""
      },
      "origin": "g1sHwfy3fQwyA04x"
    },
    {
      "name": "Eight of Hearts",
      "faces": [
        {
          "name": "Eight of Hearts",
          "text": "",
          "img": "cards/dark-gold/hearts-08.webp"
        }
      ],
      "width": 2,
      "height": 3,
      "rotation": 0,
      "type": "poker",
      "value": 8,
      "suit": "hearts",
      "_id": "hobs2MEDhMTre5J8",
      "description": "",
      "data": {},
      "face": 0,
      "drawn": false,
      "sort": 47,
      "flags": {},
      "back": {
        "name": "",
        "text": ""
      },
      "origin": "g1sHwfy3fQwyA04x"
    },
    {
      "name": "Nine of Hearts",
      "faces": [
        {
          "name": "Nine of Hearts",
          "text": "",
          "img": "cards/dark-gold/hearts-09.webp"
        }
      ],
      "width": 2,
      "height": 3,
      "rotation": 0,
      "type": "poker",
      "value": 9,
      "suit": "hearts",
      "_id": "nWtAeMD4zcNwXcP8",
      "description": "",
      "data": {},
      "face": 0,
      "drawn": false,
      "sort": 25,
      "flags": {},
      "back": {
        "name": "",
        "text": ""
      },
      "origin": "g1sHwfy3fQwyA04x"
    },
    {
      "name": "Ten of Hearts",
      "faces": [
        {
          "name": "Ten of Hearts",
          "text": "",
          "img": "cards/dark-gold/hearts-10.webp"
        }
      ],
      "width": 2,
      "height": 3,
      "rotation": 0,
      "type": "poker",
      "value": 10,
      "suit": "hearts",
      "_id": "u4TsnWUHexguwBty",
      "description": "",
      "data": {},
      "face": 0,
      "drawn": false,
      "sort": 12,
      "flags": {},
      "back": {
        "name": "",
        "text": ""
      },
      "origin": "g1sHwfy3fQwyA04x"
    },
    {
      "name": "Jack of Hearts",
      "faces": [
        {
          "name": "Jack of Hearts",
          "img": "cards/dark-gold/hearts-jack.webp",
          "text": ""
        }
      ],
      "width": 2,
      "height": 3,
      "rotation": 0,
      "type": "poker",
      "value": 11,
      "suit": "hearts",
      "_id": "TBYJniF9V86zo842",
      "description": "",
      "data": {},
      "face": 0,
      "drawn": false,
      "sort": 8,
      "flags": {},
      "back": {
        "name": "",
        "text": "",
        "img": null
      },
      "origin": "g1sHwfy3fQwyA04x"
    },
    {
      "name": "Queen of Hearts",
      "faces": [
        {
          "name": "Queen of Hearts",
          "img": "cards/dark-gold/hearts-queen.webp",
          "text": ""
        }
      ],
      "width": 2,
      "height": 3,
      "rotation": 0,
      "type": "poker",
      "value": 12,
      "suit": "hearts",
      "_id": "adCV5fOWvJPBOyNH",
      "description": "",
      "data": {},
      "face": 0,
      "drawn": false,
      "sort": 40,
      "flags": {},
      "back": {
        "name": "",
        "text": "",
        "img": null
      },
      "origin": "g1sHwfy3fQwyA04x"
    },
    {
      "name": "King of Hearts",
      "faces": [
        {
          "name": "King of Hearts",
          "img": "cards/dark-gold/hearts-king.webp",
          "text": ""
        }
      ],
      "width": 2,
      "height": 3,
      "rotation": 0,
      "type": "poker",
      "value": 13,
      "suit": "hearts",
      "_id": "lOLU4CauCk0eblfn",
      "description": "",
      "data": {},
      "face": 0,
      "drawn": false,
      "sort": 23,
      "flags": {},
      "back": {
        "name": "",
        "text": "",
        "img": null
      },
      "origin": "g1sHwfy3fQwyA04x"
    },
    {
      "_id": "772eBdujka1KTJP2",
      "name": "Black Joker",
      "description": "",
      "type": "poker",
      "data": {},
      "suit": "joker",
      "back": {
        "name": "",
        "text": "",
        "img": null
      },
      "faces": [
        {
          "name": "Black Joker",
          "img": "cards/dark-gold/joker.webp",
          "text": ""
        }
      ],
      "face": 0,
      "drawn": false,
      "origin": "g1sHwfy3fQwyA04x",
      "rotation": 0,
      "sort": 14,
      "flags": {},
      "value": 98,
      "width": 2,
      "height": 3
    },
    {
      "_id": "CJOySTeaFPS6sk8B",
      "name": "Red Joker",
      "description": "",
      "type": "poker",
      "data": {},
      "suit": "joker",
      "back": {
        "name": "",
        "text": "",
        "img": null
      },
      "faces": [
        {
          "name": "Red Joker",
          "img": "cards/dark-gold/joker.webp",
          "text": ""
        }
      ],
      "face": 0,
      "drawn": false,
      "origin": "g1sHwfy3fQwyA04x",
      "rotation": 0,
      "sort": 6,
      "flags": {},
      "value": 99,
      "width": null,
      "height": null
    }
  ],
  "width": 2,
  "height": 3,
  "rotation": 0,
  "displayCount": true
}
