{
  "name": "Action Deck (Light)",
  "type": "deck",
  "description": "A standard 54-card Action Deck",
  "img": "cards/backs/light-soft.webp",
  "data": {},
  "cards": [
    {
      "name": "Ace of Clubs",
      "faces": [
        {
          "name": "Ace of Clubs",
          "text": "",
          "img": "cards/light-soft/clubs-ace.webp"
        }
      ],
      "width": 2,
      "height": 3,
      "rotation": 0,
      "type": "poker",
      "value": 1,
      "suit": "clubs",
      "_id": "XowwoJwsttxxI69u",
      "description": "",
      "data": {},
      "face": 0,
      "drawn": false,
      "sort": 0,
      "flags": {},
      "back": {
        "name": "",
        "text": "",
        "img": null
      },
      "origin": "KVdDSzb9G2wS15jH"
    },
    {
      "name": "Two of Clubs",
      "faces": [
        {
          "name": "Two of Clubs",
          "text": "",
          "img": "cards/light-soft/clubs-02.webp"
        }
      ],
      "width": 2,
      "height": 3,
      "rotation": 0,
      "type": "poker",
      "value": 2,
      "suit": "clubs",
      "_id": "1mGZOOOx4eB2EWX0",
      "description": "",
      "data": {},
      "face": 0,
      "drawn": false,
      "sort": 1,
      "flags": {},
      "back": {
        "name": "",
        "text": ""
      },
      "origin": "KVdDSzb9G2wS15jH"
    },
    {
      "name": "Three of Clubs",
      "faces": [
        {
          "name": "Three of Clubs",
          "text": "",
          "img": "cards/light-soft/clubs-03.webp"
        }
      ],
      "width": 2,
      "height": 3,
      "rotation": 0,
      "type": "poker",
      "value": 3,
      "suit": "clubs",
      "_id": "1etcGOxrjWpGNH2S",
      "description": "",
      "data": {},
      "face": 0,
      "drawn": false,
      "sort": 2,
      "flags": {},
      "back": {
        "name": "",
        "text": ""
      },
      "origin": "KVdDSzb9G2wS15jH"
    },
    {
      "name": "Four of Clubs",
      "faces": [
        {
          "name": "Four of Clubs",
          "text": "",
          "img": "cards/light-soft/clubs-04.webp"
        }
      ],
      "width": 2,
      "height": 3,
      "rotation": 0,
      "type": "poker",
      "value": 4,
      "suit": "clubs",
      "_id": "bizQN5HLWnjCGkse",
      "description": "",
      "data": {},
      "face": 0,
      "drawn": false,
      "sort": 3,
      "flags": {},
      "back": {
        "name": "",
        "text": ""
      },
      "origin": "KVdDSzb9G2wS15jH"
    },
    {
      "name": "Five of Clubs",
      "faces": [
        {
          "name": "Five of Clubs",
          "text": "",
          "img": "cards/light-soft/clubs-05.webp"
        }
      ],
      "width": 2,
      "height": 3,
      "rotation": 0,
      "type": "poker",
      "value": 5,
      "suit": "clubs",
      "_id": "BpgKbkNW2cxolGDz",
      "description": "",
      "data": {},
      "face": 0,
      "drawn": false,
      "sort": 4,
      "flags": {},
      "back": {
        "name": "",
        "text": ""
      },
      "origin": "KVdDSzb9G2wS15jH"
    },
    {
      "name": "Six of Clubs",
      "faces": [
        {
          "name": "Six of Clubs",
          "text": "",
          "img": "cards/light-soft/clubs-06.webp"
        }
      ],
      "width": 2,
      "height": 3,
      "rotation": 0,
      "type": "poker",
      "value": 6,
      "suit": "clubs",
      "_id": "U63M6suveorNRFJz",
      "description": "",
      "data": {},
      "face": 0,
      "drawn": false,
      "sort": 5,
      "flags": {},
      "back": {
        "name": "",
        "text": ""
      },
      "origin": "KVdDSzb9G2wS15jH"
    },
    {
      "name": "Seven of Clubs",
      "faces": [
        {
          "name": "Seven of Clubs",
          "text": "",
          "img": "cards/light-soft/clubs-07.webp"
        }
      ],
      "width": 2,
      "height": 3,
      "rotation": 0,
      "type": "poker",
      "value": 7,
      "suit": "clubs",
      "_id": "hly1hZaXULxNNBTV",
      "description": "",
      "data": {},
      "face": 0,
      "drawn": false,
      "sort": 6,
      "flags": {},
      "back": {
        "name": "",
        "text": ""
      },
      "origin": "KVdDSzb9G2wS15jH"
    },
    {
      "name": "Eight of Clubs",
      "faces": [
        {
          "name": "Eight of Clubs",
          "text": "",
          "img": "cards/light-soft/clubs-08.webp"
        }
      ],
      "width": 2,
      "height": 3,
      "rotation": 0,
      "type": "poker",
      "value": 8,
      "suit": "clubs",
      "_id": "KuYLsWtE18t8CN9h",
      "description": "",
      "data": {},
      "face": 0,
      "drawn": false,
      "sort": 7,
      "flags": {},
      "back": {
        "name": "",
        "text": ""
      },
      "origin": "KVdDSzb9G2wS15jH"
    },
    {
      "name": "Nine of Clubs",
      "faces": [
        {
          "name": "Nine of Clubs",
          "text": "",
          "img": "cards/light-soft/clubs-09.webp"
        }
      ],
      "width": 2,
      "height": 3,
      "rotation": 0,
      "type": "poker",
      "value": 9,
      "suit": "clubs",
      "_id": "HmeUwx69qEu19SwJ",
      "description": "",
      "data": {},
      "face": 0,
      "drawn": false,
      "sort": 8,
      "flags": {},
      "back": {
        "name": "",
        "text": ""
      },
      "origin": "KVdDSzb9G2wS15jH"
    },
    {
      "name": "Ten of Clubs",
      "faces": [
        {
          "name": "Ten of Clubs",
          "text": "",
          "img": "cards/light-soft/clubs-10.webp"
        }
      ],
      "width": 2,
      "height": 3,
      "rotation": 0,
      "type": "poker",
      "value": 10,
      "suit": "clubs",
      "_id": "aJSRU8fVnJgTnD88",
      "description": "",
      "data": {},
      "face": 0,
      "drawn": false,
      "sort": 9,
      "flags": {},
      "back": {
        "name": "",
        "text": ""
      },
      "origin": "KVdDSzb9G2wS15jH"
    },
    {
      "name": "Jack of Clubs",
      "faces": [
        {
          "name": "Jack of Clubs",
          "text": "",
          "img": "cards/light-soft/clubs-jack.webp"
        }
      ],
      "width": 2,
      "height": 3,
      "rotation": 0,
      "type": "poker",
      "value": 11,
      "suit": "clubs",
      "_id": "gqX0W5r2jNCbTATe",
      "description": "",
      "data": {},
      "face": 0,
      "drawn": false,
      "sort": 10,
      "flags": {},
      "back": {
        "name": "",
        "text": "",
        "img": null
      },
      "origin": "KVdDSzb9G2wS15jH"
    },
    {
      "name": "Queen of Clubs",
      "faces": [
        {
          "name": "Queen of Clubs",
          "text": "",
          "img": "cards/light-soft/clubs-queen.webp"
        }
      ],
      "width": 2,
      "height": 3,
      "rotation": 0,
      "type": "poker",
      "value": 12,
      "suit": "clubs",
      "_id": "b8qfGcQAyHjjGuB5",
      "description": "",
      "data": {},
      "face": 0,
      "drawn": false,
      "sort": 11,
      "flags": {},
      "back": {
        "name": "",
        "text": "",
        "img": null
      },
      "origin": "KVdDSzb9G2wS15jH"
    },
    {
      "name": "King of Clubs",
      "faces": [
        {
          "name": "King of Clubs",
          "text": "",
          "img": "cards/light-soft/clubs-king.webp"
        }
      ],
      "width": 2,
      "height": 3,
      "rotation": 0,
      "type": "poker",
      "value": 13,
      "suit": "clubs",
      "_id": "NLoc6fsHq5jfFoZC",
      "description": "",
      "data": {},
      "face": 0,
      "drawn": false,
      "sort": 12,
      "flags": {},
      "back": {
        "name": "",
        "text": "",
        "img": null
      },
      "origin": "KVdDSzb9G2wS15jH"
    },
    {
      "name": "Ace of Spades",
      "faces": [
        {
          "name": "Ace of Spades",
          "text": "",
          "img": "cards/light-soft/spades-ace.webp"
        }
      ],
      "width": 2,
      "height": 3,
      "rotation": 0,
      "type": "poker",
      "value": 1,
      "suit": "spades",
      "_id": "cx4WU8t5kvpCzNTv",
      "description": "",
      "data": {},
      "face": 0,
      "drawn": false,
      "sort": 39,
      "flags": {},
      "back": {
        "name": "",
        "text": "",
        "img": null
      },
      "origin": "KVdDSzb9G2wS15jH"
    },
    {
      "name": "Two of Spades",
      "faces": [
        {
          "name": "Two of Spades",
          "text": "",
          "img": "cards/light-soft/spades-02.webp"
        }
      ],
      "width": 2,
      "height": 3,
      "rotation": 0,
      "type": "poker",
      "value": 2,
      "suit": "spades",
      "_id": "LQtmOM4m0xdywAOJ",
      "description": "",
      "data": {},
      "face": 0,
      "drawn": false,
      "sort": 40,
      "flags": {},
      "back": {
        "name": "",
        "text": ""
      },
      "origin": "KVdDSzb9G2wS15jH"
    },
    {
      "name": "Three of Spades",
      "faces": [
        {
          "name": "Three of Spades",
          "text": "",
          "img": "cards/light-soft/spades-03.webp"
        }
      ],
      "width": 2,
      "height": 3,
      "rotation": 0,
      "type": "poker",
      "value": 3,
      "suit": "spades",
      "_id": "Nl0fTOHYwvhhfNhH",
      "description": "",
      "data": {},
      "face": 0,
      "drawn": false,
      "sort": 41,
      "flags": {},
      "back": {
        "name": "",
        "text": ""
      },
      "origin": "KVdDSzb9G2wS15jH"
    },
    {
      "name": "Four of Spades",
      "faces": [
        {
          "name": "Four of Spades",
          "text": "",
          "img": "cards/light-soft/spades-04.webp"
        }
      ],
      "width": 2,
      "height": 3,
      "rotation": 0,
      "type": "poker",
      "value": 4,
      "suit": "spades",
      "_id": "KvOezQmwUadJ7e3k",
      "description": "",
      "data": {},
      "face": 0,
      "drawn": false,
      "sort": 42,
      "flags": {},
      "back": {
        "name": "",
        "text": ""
      },
      "origin": "KVdDSzb9G2wS15jH"
    },
    {
      "name": "Five of Spades",
      "faces": [
        {
          "name": "Five of Spades",
          "text": "",
          "img": "cards/light-soft/spades-05.webp"
        }
      ],
      "width": 2,
      "height": 3,
      "rotation": 0,
      "type": "poker",
      "value": 5,
      "suit": "spades",
      "_id": "BfIJWTNndFtXGTSI",
      "description": "",
      "data": {},
      "face": 0,
      "drawn": false,
      "sort": 43,
      "flags": {},
      "back": {
        "name": "",
        "text": ""
      },
      "origin": "KVdDSzb9G2wS15jH"
    },
    {
      "name": "Six of Spades",
      "faces": [
        {
          "name": "Six of Spades",
          "text": "",
          "img": "cards/light-soft/spades-06.webp"
        }
      ],
      "width": 2,
      "height": 3,
      "rotation": 0,
      "type": "poker",
      "value": 6,
      "suit": "spades",
      "_id": "zfgIqaz4Yy9CXn37",
      "description": "",
      "data": {},
      "face": 0,
      "drawn": false,
      "sort": 44,
      "flags": {},
      "back": {
        "name": "",
        "text": ""
      },
      "origin": "KVdDSzb9G2wS15jH"
    },
    {
      "name": "Seven of Spades",
      "faces": [
        {
          "name": "Seven of Spades",
          "text": "",
          "img": "cards/light-soft/spades-07.webp"
        }
      ],
      "width": 2,
      "height": 3,
      "rotation": 0,
      "type": "poker",
      "value": 7,
      "suit": "spades",
      "_id": "obA1cKgG8XlkSYvu",
      "description": "",
      "data": {},
      "face": 0,
      "drawn": false,
      "sort": 45,
      "flags": {},
      "back": {
        "name": "",
        "text": ""
      },
      "origin": "KVdDSzb9G2wS15jH"
    },
    {
      "name": "Eight of Spades",
      "faces": [
        {
          "name": "Eight of Spades",
          "text": "",
          "img": "cards/light-soft/spades-08.webp"
        }
      ],
      "width": 2,
      "height": 3,
      "rotation": 0,
      "type": "poker",
      "value": 8,
      "suit": "spades",
      "_id": "cVT2ORKx9AB53YlQ",
      "description": "",
      "data": {},
      "face": 0,
      "drawn": false,
      "sort": 46,
      "flags": {},
      "back": {
        "name": "",
        "text": ""
      },
      "origin": "KVdDSzb9G2wS15jH"
    },
    {
      "name": "Nine of Spades",
      "faces": [
        {
          "name": "Nine of Spades",
          "text": "",
          "img": "cards/light-soft/spades-09.webp"
        }
      ],
      "width": 2,
      "height": 3,
      "rotation": 0,
      "type": "poker",
      "value": 9,
      "suit": "spades",
      "_id": "a4Ex2sjkRveKma34",
      "description": "",
      "data": {},
      "face": 0,
      "drawn": false,
      "sort": 47,
      "flags": {},
      "back": {
        "name": "",
        "text": ""
      },
      "origin": "KVdDSzb9G2wS15jH"
    },
    {
      "name": "Ten of Spades",
      "faces": [
        {
          "name": "Ten of Spades",
          "text": "",
          "img": "cards/light-soft/spades-10.webp"
        }
      ],
      "width": 2,
      "height": 3,
      "rotation": 0,
      "type": "poker",
      "value": 10,
      "suit": "spades",
      "_id": "NfPA84j2b7T97iMO",
      "description": "",
      "data": {},
      "face": 0,
      "drawn": false,
      "sort": 48,
      "flags": {},
      "back": {
        "name": "",
        "text": ""
      },
      "origin": "KVdDSzb9G2wS15jH"
    },
    {
      "name": "Jack of Spades",
      "faces": [
        {
          "name": "Jack of Spades",
          "text": "",
          "img": "cards/light-soft/spades-jack.webp"
        }
      ],
      "width": 2,
      "height": 3,
      "rotation": 0,
      "type": "poker",
      "value": 11,
      "suit": "spades",
      "_id": "GT3zQkpSAu35DGDv",
      "description": "",
      "data": {},
      "face": 0,
      "drawn": false,
      "sort": 49,
      "flags": {},
      "back": {
        "name": "",
        "text": "",
        "img": null
      },
      "origin": "KVdDSzb9G2wS15jH"
    },
    {
      "name": "Queen of Spades",
      "faces": [
        {
          "name": "Queen of Spades",
          "text": "",
          "img": "cards/light-soft/spades-queen.webp"
        }
      ],
      "width": 2,
      "height": 3,
      "rotation": 0,
      "type": "poker",
      "value": 12,
      "suit": "spades",
      "_id": "Y4ZJ3AP4cJe03fFx",
      "description": "",
      "data": {},
      "face": 0,
      "drawn": false,
      "sort": 50,
      "flags": {},
      "back": {
        "name": "",
        "text": "",
        "img": null
      },
      "origin": "KVdDSzb9G2wS15jH"
    },
    {
      "name": "King of Spades",
      "faces": [
        {
          "name": "King of Spades",
          "text": "",
          "img": "cards/light-soft/spades-king.webp"
        }
      ],
      "width": 2,
      "height": 3,
      "rotation": 0,
      "type": "poker",
      "value": 13,
      "suit": "spades",
      "_id": "fP4t8OxMplBz91RC",
      "description": "",
      "data": {},
      "face": 0,
      "drawn": false,
      "sort": 51,
      "flags": {},
      "back": {
        "name": "",
        "text": "",
        "img": null
      },
      "origin": "KVdDSzb9G2wS15jH"
    },
    {
      "name": "Ace of Diamonds",
      "faces": [
        {
          "name": "Ace of Diamonds",
          "text": "",
          "img": "cards/light-soft/diamonds-ace.webp"
        }
      ],
      "width": 2,
      "height": 3,
      "rotation": 0,
      "type": "poker",
      "value": 1,
      "suit": "diamonds",
      "_id": "ZEGhsfeBAW5XBrk0",
      "description": "",
      "data": {},
      "face": 0,
      "drawn": false,
      "sort": 13,
      "flags": {},
      "back": {
        "name": "",
        "text": "",
        "img": null
      },
      "origin": "KVdDSzb9G2wS15jH"
    },
    {
      "name": "Two of Diamonds",
      "faces": [
        {
          "name": "Two of Diamonds",
          "text": "",
          "img": "cards/light-soft/diamonds-02.webp"
        }
      ],
      "width": 2,
      "height": 3,
      "rotation": 0,
      "type": "poker",
      "value": 2,
      "suit": "diamonds",
      "_id": "1zuvTkn9h6JuveL0",
      "description": "",
      "data": {},
      "face": 0,
      "drawn": false,
      "sort": 14,
      "flags": {},
      "back": {
        "name": "",
        "text": ""
      },
      "origin": "KVdDSzb9G2wS15jH"
    },
    {
      "name": "Three of Diamonds",
      "faces": [
        {
          "name": "Three of Diamonds",
          "text": "",
          "img": "cards/light-soft/diamonds-03.webp"
        }
      ],
      "width": 2,
      "height": 3,
      "rotation": 0,
      "type": "poker",
      "value": 3,
      "suit": "diamonds",
      "_id": "3jOPKViURN9akHm6",
      "description": "",
      "data": {},
      "face": 0,
      "drawn": false,
      "sort": 15,
      "flags": {},
      "back": {
        "name": "",
        "text": ""
      },
      "origin": "KVdDSzb9G2wS15jH"
    },
    {
      "name": "Four of Diamonds",
      "faces": [
        {
          "name": "Four of Diamonds",
          "text": "",
          "img": "cards/light-soft/diamonds-04.webp"
        }
      ],
      "width": 2,
      "height": 3,
      "rotation": 0,
      "type": "poker",
      "value": 4,
      "suit": "diamonds",
      "_id": "eEF565dG04srcQYf",
      "description": "",
      "data": {},
      "face": 0,
      "drawn": false,
      "sort": 16,
      "flags": {},
      "back": {
        "name": "",
        "text": ""
      },
      "origin": "KVdDSzb9G2wS15jH"
    },
    {
      "name": "Five of Diamonds",
      "faces": [
        {
          "name": "Five of Diamonds",
          "text": "",
          "img": "cards/light-soft/diamonds-05.webp"
        }
      ],
      "width": 2,
      "height": 3,
      "rotation": 0,
      "type": "poker",
      "value": 5,
      "suit": "diamonds",
      "_id": "FvLOFQHrSb7aSXOh",
      "description": "",
      "data": {},
      "face": 0,
      "drawn": false,
      "sort": 17,
      "flags": {},
      "back": {
        "name": "",
        "text": ""
      },
      "origin": "KVdDSzb9G2wS15jH"
    },
    {
      "name": "Six of Diamonds",
      "faces": [
        {
          "name": "Six of Diamonds",
          "text": "",
          "img": "cards/light-soft/diamonds-06.webp"
        }
      ],
      "width": 2,
      "height": 3,
      "rotation": 0,
      "type": "poker",
      "value": 6,
      "suit": "diamonds",
      "_id": "omzuarlB1ZNxgf9X",
      "description": "",
      "data": {},
      "face": 0,
      "drawn": false,
      "sort": 18,
      "flags": {},
      "back": {
        "name": "",
        "text": ""
      },
      "origin": "KVdDSzb9G2wS15jH"
    },
    {
      "name": "Seven of Diamonds",
      "faces": [
        {
          "name": "Seven of Diamonds",
          "text": "",
          "img": "cards/light-soft/diamonds-07.webp"
        }
      ],
      "width": 2,
      "height": 3,
      "rotation": 0,
      "type": "poker",
      "value": 7,
      "suit": "diamonds",
      "_id": "XCzGe2xVx67YCHhW",
      "description": "",
      "data": {},
      "face": 0,
      "drawn": false,
      "sort": 19,
      "flags": {},
      "back": {
        "name": "",
        "text": ""
      },
      "origin": "KVdDSzb9G2wS15jH"
    },
    {
      "name": "Eight of Diamonds",
      "faces": [
        {
          "name": "Eight of Diamonds",
          "text": "",
          "img": "cards/light-soft/diamonds-08.webp"
        }
      ],
      "width": 2,
      "height": 3,
      "rotation": 0,
      "type": "poker",
      "value": 8,
      "suit": "diamonds",
      "_id": "RTnH0XMUYUPLqYuD",
      "description": "",
      "data": {},
      "face": 0,
      "drawn": false,
      "sort": 20,
      "flags": {},
      "back": {
        "name": "",
        "text": ""
      },
      "origin": "KVdDSzb9G2wS15jH"
    },
    {
      "name": "Nine of Diamonds",
      "faces": [
        {
          "name": "Nine of Diamonds",
          "text": "",
          "img": "cards/light-soft/diamonds-09.webp"
        }
      ],
      "width": 2,
      "height": 3,
      "rotation": 0,
      "type": "poker",
      "value": 9,
      "suit": "diamonds",
      "_id": "hjlAYRPDBI2QkUPP",
      "description": "",
      "data": {},
      "face": 0,
      "drawn": false,
      "sort": 21,
      "flags": {},
      "back": {
        "name": "",
        "text": ""
      },
      "origin": "KVdDSzb9G2wS15jH"
    },
    {
      "name": "Ten of Diamonds",
      "faces": [
        {
          "name": "Ten of Diamonds",
          "text": "",
          "img": "cards/light-soft/diamonds-10.webp"
        }
      ],
      "width": 2,
      "height": 3,
      "rotation": 0,
      "type": "poker",
      "value": 10,
      "suit": "diamonds",
      "_id": "vN11MPbWFS7M8h0U",
      "description": "",
      "data": {},
      "face": 0,
      "drawn": false,
      "sort": 22,
      "flags": {},
      "back": {
        "name": "",
        "text": ""
      },
      "origin": "KVdDSzb9G2wS15jH"
    },
    {
      "name": "Jack of Diamonds",
      "faces": [
        {
          "name": "Jack of Diamonds",
          "text": "",
          "img": "cards/light-soft/diamonds-jack.webp"
        }
      ],
      "width": 2,
      "height": 3,
      "rotation": 0,
      "type": "poker",
      "value": 11,
      "suit": "diamonds",
      "_id": "8eIHWKpZepgMSd5g",
      "description": "",
      "data": {},
      "face": 0,
      "drawn": false,
      "sort": 23,
      "flags": {},
      "back": {
        "name": "",
        "text": "",
        "img": null
      },
      "origin": "KVdDSzb9G2wS15jH"
    },
    {
      "name": "Queen of Diamonds",
      "faces": [
        {
          "name": "Queen of Diamonds",
          "text": "",
          "img": "cards/light-soft/diamonds-queen.webp"
        }
      ],
      "width": 2,
      "height": 3,
      "rotation": 0,
      "type": "poker",
      "value": 12,
      "suit": "diamonds",
      "_id": "mZU2lK5ogpTsklsK",
      "description": "",
      "data": {},
      "face": 0,
      "drawn": false,
      "sort": 24,
      "flags": {},
      "back": {
        "name": "",
        "text": "",
        "img": null
      },
      "origin": "KVdDSzb9G2wS15jH"
    },
    {
      "name": "King of Diamonds",
      "faces": [
        {
          "name": "King of Diamonds",
          "text": "",
          "img": "cards/light-soft/diamonds-king.webp"
        }
      ],
      "width": 2,
      "height": 3,
      "rotation": 0,
      "type": "poker",
      "value": 13,
      "suit": "diamonds",
      "_id": "iRoNzZ7nRF75NXIt",
      "description": "",
      "data": {},
      "face": 0,
      "drawn": false,
      "sort": 25,
      "flags": {},
      "back": {
        "name": "",
        "text": "",
        "img": null
      },
      "origin": "KVdDSzb9G2wS15jH"
    },
    {
      "name": "Ace of Hearts",
      "faces": [
        {
          "name": "Ace of Hearts",
          "text": "",
          "img": "cards/light-soft/hearts-ace.webp"
        }
      ],
      "width": 2,
      "height": 3,
      "rotation": 0,
      "type": "poker",
      "value": 1,
      "suit": "hearts",
      "_id": "0y5Bm6Jb7PyLIb2J",
      "description": "",
      "data": {},
      "face": 0,
      "drawn": false,
      "sort": 26,
      "flags": {},
      "back": {
        "name": "",
        "text": "",
        "img": null
      },
      "origin": "KVdDSzb9G2wS15jH"
    },
    {
      "name": "Two of Hearts",
      "faces": [
        {
          "name": "Two of Hearts",
          "text": "",
          "img": "cards/light-soft/hearts-02.webp"
        }
      ],
      "width": 2,
      "height": 3,
      "rotation": 0,
      "type": "poker",
      "value": 2,
      "suit": "hearts",
      "_id": "zuD0eLBVnlWjhDj4",
      "description": "",
      "data": {},
      "face": 0,
      "drawn": false,
      "sort": 27,
      "flags": {},
      "back": {
        "name": "",
        "text": ""
      },
      "origin": "KVdDSzb9G2wS15jH"
    },
    {
      "name": "Three of Hearts",
      "faces": [
        {
          "name": "Three of Hearts",
          "text": "",
          "img": "cards/light-soft/hearts-03.webp"
        }
      ],
      "width": 2,
      "height": 3,
      "rotation": 0,
      "type": "poker",
      "value": 3,
      "suit": "hearts",
      "_id": "YoSRj4aGnGmCxYh1",
      "description": "",
      "data": {},
      "face": 0,
      "drawn": false,
      "sort": 28,
      "flags": {},
      "back": {
        "name": "",
        "text": ""
      },
      "origin": "KVdDSzb9G2wS15jH"
    },
    {
      "name": "Four of Hearts",
      "faces": [
        {
          "name": "Four of Hearts",
          "text": "",
          "img": "cards/light-soft/hearts-04.webp"
        }
      ],
      "width": 2,
      "height": 3,
      "rotation": 0,
      "type": "poker",
      "value": 4,
      "suit": "hearts",
      "_id": "LuXdQzxbp3cP1Hr3",
      "description": "",
      "data": {},
      "face": 0,
      "drawn": false,
      "sort": 29,
      "flags": {},
      "back": {
        "name": "",
        "text": ""
      },
      "origin": "KVdDSzb9G2wS15jH"
    },
    {
      "name": "Five of Hearts",
      "faces": [
        {
          "name": "Five of Hearts",
          "text": "",
          "img": "cards/light-soft/hearts-05.webp"
        }
      ],
      "width": 2,
      "height": 3,
      "rotation": 0,
      "type": "poker",
      "value": 5,
      "suit": "hearts",
      "_id": "uSToNE8pyJkl2bgt",
      "description": "",
      "data": {},
      "face": 0,
      "drawn": false,
      "sort": 30,
      "flags": {},
      "back": {
        "name": "",
        "text": ""
      },
      "origin": "KVdDSzb9G2wS15jH"
    },
    {
      "name": "Six of Hearts",
      "faces": [
        {
          "name": "Six of Hearts",
          "text": "",
          "img": "cards/light-soft/hearts-06.webp"
        }
      ],
      "width": 2,
      "height": 3,
      "rotation": 0,
      "type": "poker",
      "value": 6,
      "suit": "hearts",
      "_id": "r35WVdNucL3UVjfW",
      "description": "",
      "data": {},
      "face": 0,
      "drawn": false,
      "sort": 31,
      "flags": {},
      "back": {
        "name": "",
        "text": ""
      },
      "origin": "KVdDSzb9G2wS15jH"
    },
    {
      "name": "Seven of Hearts",
      "faces": [
        {
          "name": "Seven of Hearts",
          "text": "",
          "img": "cards/light-soft/hearts-07.webp"
        }
      ],
      "width": 2,
      "height": 3,
      "rotation": 0,
      "type": "poker",
      "value": 7,
      "suit": "hearts",
      "_id": "DmDDXQk06n3jGGSA",
      "description": "",
      "data": {},
      "face": 0,
      "drawn": false,
      "sort": 32,
      "flags": {},
      "back": {
        "name": "",
        "text": ""
      },
      "origin": "KVdDSzb9G2wS15jH"
    },
    {
      "name": "Eight of Hearts",
      "faces": [
        {
          "name": "Eight of Hearts",
          "text": "",
          "img": "cards/light-soft/hearts-08.webp"
        }
      ],
      "width": 2,
      "height": 3,
      "rotation": 0,
      "type": "poker",
      "value": 8,
      "suit": "hearts",
      "_id": "Ryz5arGuhjfF0cpf",
      "description": "",
      "data": {},
      "face": 0,
      "drawn": false,
      "sort": 33,
      "flags": {},
      "back": {
        "name": "",
        "text": ""
      },
      "origin": "KVdDSzb9G2wS15jH"
    },
    {
      "name": "Nine of Hearts",
      "faces": [
        {
          "name": "Nine of Hearts",
          "text": "",
          "img": "cards/light-soft/hearts-09.webp"
        }
      ],
      "width": 2,
      "height": 3,
      "rotation": 0,
      "type": "poker",
      "value": 9,
      "suit": "hearts",
      "_id": "tCtpV3xzuNAE7KiX",
      "description": "",
      "data": {},
      "face": 0,
      "drawn": false,
      "sort": 34,
      "flags": {},
      "back": {
        "name": "",
        "text": ""
      },
      "origin": "KVdDSzb9G2wS15jH"
    },
    {
      "name": "Ten of Hearts",
      "faces": [
        {
          "name": "Ten of Hearts",
          "text": "",
          "img": "cards/light-soft/hearts-10.webp"
        }
      ],
      "width": 2,
      "height": 3,
      "rotation": 0,
      "type": "poker",
      "value": 10,
      "suit": "hearts",
      "_id": "eJeIw870jBc1sUfQ",
      "description": "",
      "data": {},
      "face": 0,
      "drawn": false,
      "sort": 35,
      "flags": {},
      "back": {
        "name": "",
        "text": ""
      },
      "origin": "KVdDSzb9G2wS15jH"
    },
    {
      "name": "Jack of Hearts",
      "faces": [
        {
          "name": "Jack of Hearts",
          "text": "",
          "img": "cards/light-soft/hearts-jack.webp"
        }
      ],
      "width": 2,
      "height": 3,
      "rotation": 0,
      "type": "poker",
      "value": 11,
      "suit": "hearts",
      "_id": "IGXLSC8PggtKVPVr",
      "description": "",
      "data": {},
      "face": 0,
      "drawn": false,
      "sort": 36,
      "flags": {},
      "back": {
        "name": "",
        "text": "",
        "img": null
      },
      "origin": "KVdDSzb9G2wS15jH"
    },
    {
      "name": "Queen of Hearts",
      "faces": [
        {
          "name": "Queen of Hearts",
          "text": "",
          "img": "cards/light-soft/hearts-queen.webp"
        }
      ],
      "width": 2,
      "height": 3,
      "rotation": 0,
      "type": "poker",
      "value": 12,
      "suit": "hearts",
      "_id": "JBpzFsFl7CukWrMR",
      "description": "",
      "data": {},
      "face": 0,
      "drawn": false,
      "sort": 37,
      "flags": {},
      "back": {
        "name": "",
        "text": "",
        "img": null
      },
      "origin": "KVdDSzb9G2wS15jH"
    },
    {
      "name": "King of Hearts",
      "faces": [
        {
          "name": "King of Hearts",
          "text": "",
          "img": "cards/light-soft/hearts-king.webp"
        }
      ],
      "width": 2,
      "height": 3,
      "rotation": 0,
      "type": "poker",
      "value": 13,
      "suit": "hearts",
      "_id": "WyFhQTMCW0IiPKy2",
      "description": "",
      "data": {},
      "face": 0,
      "drawn": false,
      "sort": 38,
      "flags": {},
      "back": {
        "name": "",
        "text": "",
        "img": null
      },
      "origin": "KVdDSzb9G2wS15jH"
    },
    {
      "_id": "gwEzdU2wNTwyZzNz",
      "name": "Red Joker",
      "description": "",
      "type": "poker",
      "data": {},
      "suit": "joker",
      "back": {
        "name": "",
        "text": "",
        "img": null
      },
      "faces": [
        {
          "name": "Red Joker",
          "img": "cards/light-soft/red-joker.webp",
          "text": ""
        }
      ],
      "face": 0,
      "drawn": false,
      "origin": "KVdDSzb9G2wS15jH",
      "rotation": 0,
      "sort": 0,
      "flags": {},
      "value": 99,
      "width": 2,
      "height": 3
    },
    {
      "_id": "No7P7KEZIPkq9qkh",
      "name": "Black Joker",
      "description": "",
      "type": "poker",
      "data": {},
      "suit": "joker",
      "back": {
        "name": "",
        "text": "",
        "img": null
      },
      "faces": [
        {
          "name": "Black Joker",
          "img": "cards/light-soft/black-joker.webp",
          "text": ""
        }
      ],
      "face": 0,
      "drawn": false,
      "origin": "KVdDSzb9G2wS15jH",
      "rotation": 0,
      "sort": 0,
      "flags": {},
      "value": 98,
      "width": 2,
      "height": 3
    }
  ],
  "width": 2,
  "height": 3,
  "rotation": 0,
  "displayCount": true
}
