{
	"name": "swade",
	"type": "system",
	"title": "Savage Worlds Adventure Edition",
	"description": "Published by <a href=\"https://peginc.com\">Pinnacle Entertainment Group, Inc.</a></p><p>A comprehensive game system for running <cite><em>Savage Worlds Adventure Edition<em></cite>.<br><p>Any time. Any place. <em>Savage Worlds</em>.</p>",
	"version": "0.19.5",
	"minimumCoreVersion": "0.8.4",
	"compatibleCoreVersion": "0.8.8",
	"author": "FloRad",
	"esmodules": ["swade.js"],
	"styles": ["swade.css"],
	"packs": [
		{
			"name": "skills",
			"label": "Basic Skills",
			"system": "swade",
			"path": "./packs/skills.db",
			"entity": "Item"
		},
		{
			"name": "edges",
			"label": "Basic Edges",
			"system": "swade",
			"path": "./packs/edges.db",
			"entity": "Item"
		},
		{
			"name": "hindrances",
			"label": "Basic Hindrances",
			"system": "swade",
			"path": "./packs/hindrances.db",
			"entity": "Item"
		},
		{
			"name": "action-cards",
			"label": "Basic Action Cards",
			"system": "swade",
			"path": "./packs/action-cards.db",
			"entity": "JournalEntry"
		}
	],
	"languages": [
		{
			"lang": "en",
			"name": "English",
			"path": "lang/en.json"
		},
		{
			"lang": "de",
			"name": "Deutsch",
			"path": "lang/de.json"
		}
	],
	"socket": true,
	"gridDistance": 1,
	"gridUnits": "in",
	"url": "https://gitlab.com/peginc/swade",
	"manifest": "https://gitlab.com/peginc/swade/-/raw/master/src/system.json",
	"download": "https://gitlab.com/peginc/swade/-/raw/v0.19.5/package/swade-v0.19.5.zip",
	"readme": "https://gitlab.com/peginc/swade/-/wikis/home",
	"bugs": "https://gitlab.com/peginc/swade/-/issues",
	"changelog": "https://gitlab.com/peginc/swade/-/releases",
	"license": "https://gitlab.com/peginc/swade/-/blob/master/LICENSE.md"
}